filename,class,bbox
img000006.png,proba_2,"[0, 406, 794, 1024]"
img000012.png,proba_2,"[179, 420, 1024, 1024]"
img000026.png,proba_2,"[388, 0, 965, 826]"
img000032.png,proba_2,"[191, 113, 1024, 687]"
img000035.png,proba_2,"[257, 311, 932, 1024]"
img000037.png,proba_2,"[414, 42, 1024, 829]"
img000039.png,proba_2,"[0, 292, 816, 896]"
img000046.png,proba_2,"[337, 67, 1024, 778]"
img000051.png,proba_2,"[0, 0, 634, 992]"
img000053.png,proba_2,"[246, 171, 1024, 813]"
img000061.png,proba_2,"[260, 156, 771, 792]"
img000064.png,proba_2,"[336, 155, 1024, 1024]"
img000067.png,proba_2,"[310, 349, 1011, 1024]"
img000069.png,proba_2,"[0, 0, 861, 696]"
img000079.png,proba_2,"[0, 51, 698, 744]"
img000080.png,proba_2,"[380, 27, 963, 900]"
img000084.png,proba_2,"[0, 426, 947, 1024]"
img000089.png,proba_2,"[35, 279, 624, 1024]"
img000090.png,proba_2,"[91, 288, 726, 904]"
img010022.png,cheops,"[0, 0, 712, 516]"
img010025.png,cheops,"[36, 0, 653, 532]"
img010037.png,cheops,"[367, 304, 979, 942]"
img010039.png,cheops,"[0, 289, 585, 977]"
img010041.png,cheops,"[0, 424, 678, 1024]"
img010050.png,cheops,"[0, 186, 501, 878]"
img010051.png,cheops,"[0, 144, 743, 814]"
img010056.png,cheops,"[12, 12, 593, 663]"
img010076.png,cheops,"[471, 0, 1024, 565]"
img010083.png,cheops,"[47, 519, 837, 1024]"
img010086.png,cheops,"[164, 506, 730, 1024]"
img020002.png,debris,"[542, 438, 693, 588]"
img020003.png,debris,"[735, 282, 867, 457]"
img020012.png,debris,"[443, 352, 593, 515]"
img020013.png,debris,"[652, 380, 777, 507]"
img020020.png,debris,"[657, 122, 840, 339]"
img020027.png,debris,"[466, 244, 609, 398]"
img020038.png,debris,"[530, 304, 712, 485]"
img020042.png,debris,"[247, 115, 461, 299]"
img020044.png,debris,"[463, 268, 595, 435]"
img020049.png,debris,"[472, 613, 619, 755]"
img020052.png,debris,"[329, 146, 504, 291]"
img020056.png,debris,"[327, 593, 492, 733]"
img020057.png,debris,"[380, 667, 562, 837]"
img020060.png,debris,"[216, 314, 433, 516]"
img020066.png,debris,"[239, 416, 421, 624]"
img020067.png,debris,"[512, 737, 699, 896]"
img020073.png,debris,"[264, 361, 485, 524]"
img020076.png,debris,"[449, 434, 599, 561]"
img020085.png,debris,"[493, 378, 681, 535]"
img020088.png,debris,"[515, 250, 673, 399]"
img020092.png,debris,"[556, 418, 717, 570]"
img020095.png,debris,"[647, 186, 868, 393]"
img020099.png,debris,"[198, 285, 360, 439]"
img030012.png,double_star,"[81, 0, 678, 1024]"
img030017.png,double_star,"[202, 0, 926, 1024]"
img030021.png,double_star,"[289, 198, 800, 1024]"
img030032.png,double_star,"[303, 324, 719, 869]"
img030036.png,double_star,"[11, 254, 1024, 923]"
img030038.png,double_star,"[56, 152, 954, 961]"
img030048.png,double_star,"[171, 136, 760, 1024]"
img030056.png,double_star,"[245, 307, 1024, 883]"
img030057.png,double_star,"[0, 306, 1024, 1011]"
img030064.png,double_star,"[12, 113, 953, 779]"
img030076.png,double_star,"[387, 95, 978, 1024]"
img030080.png,double_star,"[249, 0, 1024, 625]"
img030085.png,double_star,"[12, 197, 1024, 1024]"
img030089.png,double_star,"[171, 81, 824, 1011]"
img030099.png,double_star,"[260, 130, 653, 771]"
img040006.png,earth_observation_sat_1,"[119, 514, 433, 822]"
img040007.png,earth_observation_sat_1,"[227, 394, 606, 791]"
img040008.png,earth_observation_sat_1,"[380, 334, 856, 687]"
img040015.png,earth_observation_sat_1,"[346, 249, 738, 603]"
img040016.png,earth_observation_sat_1,"[251, 223, 530, 594]"
img040021.png,earth_observation_sat_1,"[666, 167, 999, 412]"
img040025.png,earth_observation_sat_1,"[82, 387, 918, 794]"
img040026.png,earth_observation_sat_1,"[573, 317, 1024, 1024]"
img040033.png,earth_observation_sat_1,"[329, 203, 626, 557]"
img040034.png,earth_observation_sat_1,"[356, 273, 510, 695]"
img040037.png,earth_observation_sat_1,"[296, 436, 642, 785]"
img040041.png,earth_observation_sat_1,"[773, 0, 1024, 232]"
img040045.png,earth_observation_sat_1,"[51, 103, 416, 488]"
img040049.png,earth_observation_sat_1,"[564, 386, 729, 614]"
img040054.png,earth_observation_sat_1,"[15, 413, 751, 1024]"
img040055.png,earth_observation_sat_1,"[353, 421, 791, 820]"
img040060.png,earth_observation_sat_1,"[381, 14, 1024, 490]"
img040065.png,earth_observation_sat_1,"[106, 33, 768, 320]"
img040081.png,earth_observation_sat_1,"[588, 678, 854, 937]"
img040091.png,earth_observation_sat_1,"[598, 222, 1024, 478]"
img040093.png,earth_observation_sat_1,"[339, 216, 740, 517]"
img050001.png,lisa_pathfinder,"[389, 0, 762, 334]"
img050017.png,lisa_pathfinder,"[429, 119, 800, 471]"
img050019.png,lisa_pathfinder,"[44, 283, 368, 634]"
img050021.png,lisa_pathfinder,"[302, 397, 564, 655]"
img050022.png,lisa_pathfinder,"[528, 454, 986, 913]"
img050025.png,lisa_pathfinder,"[277, 265, 600, 544]"
img050026.png,lisa_pathfinder,"[468, 0, 800, 213]"
img050030.png,lisa_pathfinder,"[624, 175, 848, 419]"
img050031.png,lisa_pathfinder,"[339, 257, 728, 539]"
img050042.png,lisa_pathfinder,"[191, 43, 455, 330]"
img050049.png,lisa_pathfinder,"[215, 169, 656, 575]"
img050051.png,lisa_pathfinder,"[405, 0, 896, 327]"
img050053.png,lisa_pathfinder,"[445, 171, 723, 456]"
img050055.png,lisa_pathfinder,"[0, 394, 324, 801]"
img050058.png,lisa_pathfinder,"[504, 382, 799, 664]"
img050059.png,lisa_pathfinder,"[0, 628, 389, 1024]"
img050065.png,lisa_pathfinder,"[143, 245, 482, 576]"
img050066.png,lisa_pathfinder,"[490, 316, 686, 610]"
img050067.png,lisa_pathfinder,"[43, 8, 375, 361]"
img050071.png,lisa_pathfinder,"[111, 410, 517, 793]"
img050072.png,lisa_pathfinder,"[239, 511, 500, 773]"
img050073.png,lisa_pathfinder,"[498, 194, 858, 523]"
img050074.png,lisa_pathfinder,"[291, 251, 483, 545]"
img050076.png,lisa_pathfinder,"[565, 203, 826, 463]"
img050083.png,lisa_pathfinder,"[90, 632, 564, 1024]"
img050085.png,lisa_pathfinder,"[208, 311, 555, 656]"
img050087.png,lisa_pathfinder,"[14, 391, 385, 773]"
img050088.png,lisa_pathfinder,"[191, 563, 444, 815]"
img050091.png,lisa_pathfinder,"[465, 440, 841, 740]"
img060004.png,proba_3_csc,"[343, 0, 888, 1009]"
img060010.png,proba_3_csc,"[385, 193, 1024, 834]"
img060013.png,proba_3_csc,"[75, 92, 820, 1024]"
img060014.png,proba_3_csc,"[515, 0, 1024, 860]"
img060016.png,proba_3_csc,"[255, 64, 778, 1013]"
img060018.png,proba_3_csc,"[240, 0, 848, 801]"
img060022.png,proba_3_csc,"[428, 366, 1024, 1007]"
img060027.png,proba_3_csc,"[228, 263, 710, 1024]"
img060033.png,proba_3_csc,"[108, 163, 688, 1024]"
img060034.png,proba_3_csc,"[328, 0, 886, 919]"
img060042.png,proba_3_csc,"[337, 219, 1024, 1024]"
img060046.png,proba_3_csc,"[206, 0, 865, 916]"
img060053.png,proba_3_csc,"[289, 129, 1024, 780]"
img060066.png,proba_3_csc,"[0, 0, 875, 712]"
img060068.png,proba_3_csc,"[336, 102, 1024, 1024]"
img060075.png,proba_3_csc,"[109, 69, 838, 726]"
img060078.png,proba_3_csc,"[0, 231, 956, 965]"
img060079.png,proba_3_csc,"[0, 0, 496, 863]"
img060082.png,proba_3_csc,"[0, 397, 893, 1024]"
img060087.png,proba_3_csc,"[67, 0, 1024, 923]"
img060093.png,proba_3_csc,"[171, 53, 1024, 946]"
img070007.png,proba_3_ocs,"[230, 323, 815, 1024]"
img070008.png,proba_3_ocs,"[307, 112, 799, 653]"
img070013.png,proba_3_ocs,"[18, 150, 521, 644]"
img070021.png,proba_3_ocs,"[22, 0, 978, 584]"
img070023.png,proba_3_ocs,"[99, 238, 685, 856]"
img070027.png,proba_3_ocs,"[0, 292, 509, 901]"
img070029.png,proba_3_ocs,"[177, 245, 761, 905]"
img070034.png,proba_3_ocs,"[0, 222, 479, 922]"
img070040.png,proba_3_ocs,"[311, 102, 991, 802]"
img070048.png,proba_3_ocs,"[152, 217, 741, 898]"
img070060.png,proba_3_ocs,"[0, 0, 895, 719]"
img070061.png,proba_3_ocs,"[40, 62, 821, 917]"
img070062.png,proba_3_ocs,"[0, 122, 507, 737]"
img070073.png,proba_3_ocs,"[359, 169, 834, 734]"
img070075.png,proba_3_ocs,"[116, 0, 772, 700]"
img070078.png,proba_3_ocs,"[157, 416, 770, 1024]"
img070081.png,proba_3_ocs,"[155, 382, 744, 948]"
img070083.png,proba_3_ocs,"[126, 205, 928, 1024]"
img070088.png,proba_3_ocs,"[357, 181, 952, 757]"
img080003.png,smart_1,"[0, 414, 855, 804]"
img080004.png,smart_1,"[116, 0, 768, 1024]"
img080017.png,smart_1,"[0, 435, 609, 1024]"
img080020.png,smart_1,"[239, 126, 932, 612]"
img080022.png,smart_1,"[411, 449, 1024, 1024]"
img080036.png,smart_1,"[0, 303, 1024, 1024]"
img080037.png,smart_1,"[0, 417, 1024, 931]"
img080045.png,smart_1,"[822, 0, 1024, 567]"
img080049.png,smart_1,"[0, 0, 1024, 513]"
img080052.png,smart_1,"[0, 461, 1024, 884]"
img080057.png,smart_1,"[0, 318, 1024, 842]"
img080060.png,smart_1,"[0, 0, 778, 828]"
img080061.png,smart_1,"[112, 277, 786, 923]"
img080065.png,smart_1,"[0, 350, 1024, 796]"
img080066.png,smart_1,"[314, 0, 1024, 666]"
img080067.png,smart_1,"[272, 134, 605, 584]"
img080076.png,smart_1,"[0, 444, 1024, 998]"
img080077.png,smart_1,"[127, 0, 481, 956]"
img080084.png,smart_1,"[214, 0, 615, 1024]"
img080094.png,smart_1,"[0, 180, 1024, 517]"
img080095.png,smart_1,"[196, 0, 1024, 950]"
img080098.png,smart_1,"[0, 70, 1024, 666]"
img090003.png,soho,"[0, 478, 791, 796]"
img090024.png,soho,"[450, 568, 1024, 884]"
img090026.png,soho,"[0, 0, 570, 752]"
img090056.png,soho,"[212, 398, 1024, 866]"
img090058.png,soho,"[0, 73, 544, 409]"
img090059.png,soho,"[176, 312, 771, 866]"
img090065.png,soho,"[692, 538, 1024, 1024]"
img090071.png,soho,"[552, 0, 1024, 392]"
img090072.png,soho,"[35, 136, 846, 569]"
img090074.png,soho,"[0, 594, 490, 1024]"
img090078.png,soho,"[391, 582, 812, 1024]"
img090083.png,soho,"[195, 752, 882, 1024]"
img090084.png,soho,"[334, 189, 1024, 900]"
img090087.png,soho,"[144, 364, 516, 901]"
img090088.png,soho,"[104, 70, 785, 331]"
img090091.png,soho,"[435, 480, 1024, 970]"
img090092.png,soho,"[29, 80, 387, 566]"
img100002.png,xmm_newton,"[459, 201, 1024, 896]"
img100047.png,xmm_newton,"[175, 427, 915, 777]"
img100056.png,xmm_newton,"[509, 29, 1024, 833]"
img100059.png,xmm_newton,"[493, 129, 1006, 893]"
img100063.png,xmm_newton,"[178, 494, 751, 1014]"
img100065.png,xmm_newton,"[106, 41, 421, 530]"
img100073.png,xmm_newton,"[11, 254, 631, 494]"
img100080.png,xmm_newton,"[0, 435, 553, 1024]"
img100083.png,xmm_newton,"[0, 0, 567, 843]"
img100089.png,xmm_newton,"[208, 138, 516, 913]"
img100091.png,xmm_newton,"[421, 37, 1024, 816]"
img100093.png,xmm_newton,"[59, 0, 721, 639]"
img100095.png,xmm_newton,"[0, 0, 540, 909]"
